X.x,tJan,tFeb,tMar,tApr,tMay,tJun,tJul,tAug,tSep,tOct,tNov,tDec,rJan,rFeb,rMar,rApr,rMay,run,rJul,rAug,rSep,rOct,rNov,rDec,lon,lat,X.y,soilmask,BDRICM.units_of_measure,BDRICM.BDRICM_M,BLDFIE.units_of_measure,BLDFIE.M.sl1,BLDFIE.M.sl2,BLDFIE.M.sl3,BLDFIE.M.sl4,BLDFIE.M.sl5,BLDFIE.M.sl6,BLDFIE.M.sl7,CECSOL.units_of_measure,CECSOL.M.sl1,CECSOL.M.sl2,CECSOL.M.sl3,CECSOL.M.sl4,CECSOL.M.sl5,CECSOL.M.sl6,CECSOL.M.sl7,CLYPPT.units_of_measure,CLYPPT.M.sl1,CLYPPT.M.sl2,CLYPPT.M.sl3,CLYPPT.M.sl4,CLYPPT.M.sl5,CLYPPT.M.sl6,CLYPPT.M.sl7,CRFVOL.units_of_measure,CRFVOL.M.sl1,CRFVOL.M.sl2,CRFVOL.M.sl3,CRFVOL.M.sl4,CRFVOL.M.sl5,CRFVOL.M.sl6,CRFVOL.M.sl7,ORCDRC.units_of_measure,ORCDRC.M.sl1,ORCDRC.M.sl2,ORCDRC.M.sl3,ORCDRC.M.sl4,ORCDRC.M.sl5,ORCDRC.M.sl6,ORCDRC.M.sl7,PHIHOX.units_of_measure,PHIHOX.M.sl1,PHIHOX.M.sl2,PHIHOX.M.sl3,PHIHOX.M.sl4,PHIHOX.M.sl5,PHIHOX.M.sl6,PHIHOX.M.sl7,SLTPPT.units_of_measure,SLTPPT.M.sl1,SLTPPT.M.sl2,SLTPPT.M.sl3,SLTPPT.M.sl4,SLTPPT.M.sl5,SLTPPT.M.sl6,SLTPPT.M.sl7,SNDPPT.units_of_measure,SNDPPT.M.sl1,SNDPPT.M.sl2,SNDPPT.M.sl3,SNDPPT.M.sl4,SNDPPT.M.sl5,SNDPPT.M.sl6,SNDPPT.M.sl7,depthCodesMeters.sd1,depthCodesMeters.sd2,depthCodesMeters.sd3,depthCodesMeters.sd4,depthCodesMeters.sd5,depthCodesMeters.sd6,depthCodesMeters.sl1,depthCodesMeters.sl2,depthCodesMeters.sl3,depthCodesMeters.sl4,depthCodesMeters.sl5,depthCodesMeters.sl6,depthCodesMeters.sl7,depthCodesMeters.xd1,depthCodesMeters.xd2,publication_date
X237,237,241,245,247,245,229,219,229,237,240,238,237,141,151,200,199,176,18,5,15,90,209,219,169,15.91666667,-3.266666667,1,soil,cm,200,kg / cubic-m,1301,1284,1331,1417,1450,1459,1463,cmol / kg,16,15,15,13,13,12,12,percent,27,26,27,31,33,33,34,percent,2,2,3,4,4,4,8,g / kg,18,24,23,14,12,8,9,index*10,51,49,49,49,49,50,50,percent,11,11,11,11,11,10,10,percent,48,64,61,59,56,56,56,-0.025,-0.1,-0.225,-0.45,-0.8,-1.5,0,-0.05,-0.15,-0.3,-0.6,-1,-2,-0.2,-0.5,10/3/2017
X230,230,235,237,237,233,224,219,221,225,229,225,225,207,208,231,243,198,32,14,34,136,249,281,226,14.755011,-2.539878,2,soil,cm,200,kg / cubic-m,1373,1290,1372,1366,1423,1462,1484,cmol / kg,10,9,10,8,9,8,8,percent,23,22,23,27,30,29,29,percent,0,0,1,1,2,2,3,g / kg,29,24,18,14,8,7,7,index*10,53,49,49,50,50,50,50,percent,11,11,10,10,10,11,11,percent,51,67,67,63,60,60,60,-0.025,-0.1,-0.225,-0.45,-0.8,-1.5,0,-0.05,-0.15,-0.3,-0.6,-1,-2,-0.2,-0.5,10/3/2017
X232,232,237,239,240,239,227,221,223,227,232,227,228,199,209,234,247,193,33,17,34,135,257,274,221,14.86666667,-2.433333333,3,soil,cm,200,kg / cubic-m,1357,1250,1336,1380,1413,1451,1463,cmol / kg,10,10,10,7,7,7,7,percent,31,31,31,34,37,36,36,percent,0,0,0,1,1,2,3,g / kg,31,30,27,24,21,17,21,index*10,49,47,47,48,48,48,49,percent,9,9,10,9,8,9,9,percent,45,60,59,57,55,55,55,-0.025,-0.1,-0.225,-0.45,-0.8,-1.5,0,-0.05,-0.15,-0.3,-0.6,-1,-2,-0.2,-0.5,10/3/2017
X252,252,254,257,257,255,248,245,251,250,246,247,248,159,165,176,177,156,47,26,55,156,247,218,185,15.93333333,-2.033333333,4,soil,cm,200,kg / cubic-m,1403,1335,1421,1495,1518,1531,1543,cmol / kg,10,9,8,7,6,6,6,percent,32,32,33,35,37,38,38,percent,1,1,2,2,2,3,5,g / kg,2,18,15,9,8,2,1,index*10,51,50,50,51,51,51,51,percent,15,15,14,14,14,14,14,percent,38,53,53,51,48,48,47,-0.025,-0.1,-0.225,-0.45,-0.8,-1.5,0,-0.05,-0.15,-0.3,-0.6,-1,-2,-0.2,-0.5,10/3/2017
X254,254,257,259,260,257,250,248,254,251,248,248,249,154,157,168,166,156,45,24,54,160,247,212,175,16.06666667,-1.95,5,soil,cm,200,kg / cubic-m,1367,1307,1355,1460,1481,1497,1512,cmol / kg,12,11,8,7,7,7,7,percent,32,31,33,38,39,39,39,percent,0,0,1,1,2,2,5,g / kg,12,22,17,8,5,4,3,index*10,50,49,49,50,50,51,51,percent,20,20,19,18,18,18,19,percent,33,49,48,44,43,43,41,-0.025,-0.1,-0.225,-0.45,-0.8,-1.5,0,-0.05,-0.15,-0.3,-0.6,-1,-2,-0.2,-0.5,10/3/2017
X246,246,247,251,252,249,231,223,231,241,247,245,243,174,205,246,223,199,22,9,12,91,245,267,205,13.5833,-1.8667001,6,soil,cm,200,kg / cubic-m,1346,1279,1352,1459,1484,1497,1527,cmol / kg,13,10,8,6,6,5,6,percent,35,34,37,41,46,47,46,percent,5,5,7,8,9,10,13,g / kg,9,20,17,10,4,3,6,index*10,44,44,45,47,47,47,48,percent,12,12,12,12,12,13,13,percent,38,53,51,47,42,40,40,-0.025,-0.1,-0.225,-0.45,-0.8,-1.5,0,-0.05,-0.15,-0.3,-0.6,-1,-2,-0.2,-0.5,10/3/2017
X246.1,246,247,249,252,253,234,225,233,241,247,243,243,168,208,233,249,199,33,19,25,133,270,242,200,14.2667,-1.6332999,7,soil,cm,200,kg / cubic-m,1373,1298,1378,1424,1458,1473,1482,cmol / kg,14,13,10,8,8,8,8,percent,37,37,39,40,44,44,44,percent,2,3,3,3,3,5,9,g / kg,16,23,18,7,4,3,3,index*10,55,53,54,54,54,54,55,percent,16,16,15,16,15,15,15,percent,31,47,45,43,41,41,40,-0.025,-0.1,-0.225,-0.45,-0.8,-1.5,0,-0.05,-0.15,-0.3,-0.6,-1,-2,-0.2,-0.5,10/3/2017
X253,253,254,258,258,258,247,242,249,250,252,249,249,160,179,187,196,177,42,27,50,153,262,222,186,15.35,-1.566666667,8,soil,cm,200,kg / cubic-m,1375,1327,1386,1461,1491,1508,1527,cmol / kg,10,9,8,6,6,5,5,percent,31,30,32,35,35,36,36,percent,1,1,3,3,3,4,7,g / kg,25,19,16,8,4,3,2,index*10,52,50,49,50,51,51,51,percent,13,12,12,12,12,12,12,percent,41,57,56,53,53,52,52,-0.025,-0.1,-0.225,-0.45,-0.8,-1.5,0,-0.05,-0.15,-0.3,-0.6,-1,-2,-0.2,-0.5,10/3/2017
X245,245,246,249,252,251,234,226,233,242,248,244,243,164,203,229,245,199,34,19,26,136,271,237,196,14.2667,-1.5333,10,soil,cm,200,kg / cubic-m,1425,1410,1445,1461,1477,1520,1536,cmol / kg,9,10,8,7,7,6,6,percent,13,14,15,17,19,19,19,percent,6,6,6,7,6,7,11,g / kg,1,19,16,12,9,7,6,index*10,55,53,53,53,54,54,54,percent,9,9,8,8,8,8,8,percent,62,77,77,74,73,73,73,-0.025,-0.1,-0.225,-0.45,-0.8,-1.5,0,-0.05,-0.15,-0.3,-0.6,-1,-2,-0.2,-0.5,10/3/2017
X246.2,246,248,250,253,251,234,227,234,244,248,245,244,156,192,224,234,197,34,17,24,137,271,231,191,14.16,-1.38,11,soil,cm,200,kg / cubic-m,1373,1292,1382,1424,1465,1485,1499,cmol / kg,10,10,8,6,6,5,5,percent,35,34,35,37,39,39,39,percent,1,1,2,3,4,4,6,g / kg,13,28,23,11,6,5,4,index*10,51,50,49,50,50,50,51,percent,11,11,11,10,9,9,9,percent,39,55,55,53,52,52,52,-0.025,-0.1,-0.225,-0.45,-0.8,-1.5,0,-0.05,-0.15,-0.3,-0.6,-1,-2,-0.2,-0.5,10/3/2017
X247,247,249,252,253,253,239,233,238,243,247,244,244,158,191,197,230,200,45,26,44,156,268,218,179,14.91666667,-1.266666667,12,soil,cm,200,kg / cubic-m,1376,1316,1381,1453,1465,1483,1493,cmol / kg,11,11,9,7,6,6,6,percent,35,34,36,38,42,42,42,percent,0,0,1,1,2,3,4,g / kg,25,20,18,11,7,4,3,index*10,51,49,49,50,50,50,51,percent,9,9,9,9,8,8,9,percent,41,56,55,53,50,49,48,-0.025,-0.1,-0.225,-0.45,-0.8,-1.5,0,-0.05,-0.15,-0.3,-0.6,-1,-2,-0.2,-0.5,10/3/2017
X250,250,251,253,252,248,242,231,233,237,239,244,247,61,100,166,214,272,151,78,103,345,397,224,77,10,2,13,soil,cm,200,kg / cubic-m,1223,1180,1271,1343,1374,1397,1427,cmol / kg,14,15,11,9,9,9,9,percent,29,29,33,37,42,43,42,percent,8,7,9,12,14,14,16,g / kg,45,81,45,33,29,27,26,index*10,48,46,46,47,48,49,49,percent,19,19,20,18,18,18,18,percent,36,51,47,44,40,39,39,-0.025,-0.1,-0.225,-0.45,-0.8,-1.5,0,-0.05,-0.15,-0.3,-0.6,-1,-2,-0.2,-0.5,10/3/2017
X183,183,185,186,186,183,176,168,168,171,173,179,182,49,89,155,206,277,262,258,288,426,380,148,54,8.6667004,3.3333001,14,soil,cm,200,kg / cubic-m,1000,986,952,1054,1099,1199,1260,cmol / kg,45,46,44,43,42,40,40,percent,29,29,31,28,29,30,29,percent,19,19,21,24,27,28,29,g / kg,111,76,74,61,47,42,42,index*10,51,51,51,52,53,53,54,percent,24,24,23,25,23,24,24,percent,33,48,46,47,48,46,47,-0.025,-0.1,-0.225,-0.45,-0.8,-1.5,0,-0.05,-0.15,-0.3,-0.6,-1,-2,-0.2,-0.5,10/3/2017
X268,268,276,277,275,269,263,252,253,256,260,267,267,40,83,158,198,311,452,501,411,476,346,162,47,7.430763,4.699215,15,soil,cm,200,kg / cubic-m,1409,1339,1383,1391,1429,1460,1512,cmol / kg,9,8,9,7,7,7,7,percent,18,17,20,21,27,28,28,percent,1,1,1,2,5,6,6,g / kg,56,21,21,13,9,7,6,index*10,53,51,51,51,51,51,51,percent,11,11,11,10,9,9,9,percent,55,72,69,69,64,63,63,-0.025,-0.1,-0.225,-0.45,-0.8,-1.5,0,-0.05,-0.15,-0.3,-0.6,-1,-2,-0.2,-0.5,10/3/2017
X270,270,279,282,279,274,267,254,255,258,262,270,270,27,50,124,178,251,279,333,274,330,278,94,18,7.855277778,5.431944444,16,soil,cm,200,kg / cubic-m,1383,1302,1369,1434,1447,1470,1498,cmol / kg,12,13,10,9,9,9,9,percent,16,16,19,24,30,31,30,percent,13,13,13,15,16,17,18,g / kg,46,21,17,11,8,5,5,index*10,53,53,51,52,52,52,51,percent,12,12,11,10,10,9,10,percent,56,71,70,66,60,59,59,-0.025,-0.1,-0.225,-0.45,-0.8,-1.5,0,-0.05,-0.15,-0.3,-0.6,-1,-2,-0.2,-0.5,10/3/2017
X270.1,270,279,280,280,273,261,254,248,257,264,270,268,9,32,55,102,148,219,82,30,59,84,29,10,1.2381,6.1608,17,soil,cm,200,kg / cubic-m,1465,1437,1472,1510,1534,1551,1575,cmol / kg,39,16,16,16,16,16,16,percent,21,22,24,28,30,29,29,percent,12,12,12,14,14,15,17,g / kg,53,14,13,7,6,5,4,index*10,56,55,55,56,56,57,57,percent,17,17,17,17,16,17,17,percent,47,61,59,55,54,54,54,-0.025,-0.1,-0.225,-0.45,-0.8,-1.5,0,-0.05,-0.15,-0.3,-0.6,-1,-2,-0.2,-0.5,10/3/2017
X275,275,285,291,289,278,268,258,257,260,267,277,274,15,25,73,133,208,244,267,209,313,233,47,11,6.75,6.183333,18,soil,cm,200,kg / cubic-m,1388,1348,1405,1423,1449,1484,1501,cmol / kg,7,7,7,7,7,7,7,percent,21,22,23,27,29,29,29,percent,8,8,10,12,12,13,17,g / kg,94,14,12,6,4,2,2,index*10,59,58,57,57,57,58,58,percent,16,15,15,14,13,13,14,percent,48,63,62,59,58,58,57,-0.025,-0.1,-0.225,-0.45,-0.8,-1.5,0,-0.05,-0.15,-0.3,-0.6,-1,-2,-0.2,-0.5,10/3/2017
X277,277,288,290,287,279,266,257,254,264,268,274,274,19,42,99,124,157,191,81,45,97,132,80,33,0.24,6.19,19,soil,cm,200,kg / cubic-m,1397,1365,1439,1491,1509,1532,1567,cmol / kg,16,18,17,18,18,18,18,percent,28,28,29,33,38,38,38,percent,17,17,18,22,24,25,27,g / kg,11,16,12,7,4,3,2,index*10,62,61,59,60,59,61,62,percent,19,19,19,19,18,18,20,percent,38,53,52,48,45,44,42,-0.025,-0.1,-0.225,-0.45,-0.8,-1.5,0,-0.05,-0.15,-0.3,-0.6,-1,-2,-0.2,-0.5,10/3/2017
X272,272,285,290,287,276,266,257,255,260,265,275,272,14,25,72,129,206,240,262,206,313,231,46,10,6.7317008,6.1978136,20,soil,cm,200,kg / cubic-m,1374,1321,1378,1397,1438,1477,1497,cmol / kg,7,7,6,6,6,6,6,percent,20,20,23,26,30,30,30,percent,11,11,13,14,13,16,19,g / kg,111,16,14,9,8,6,6,index*10,58,57,57,57,57,57,58,percent,14,14,13,12,11,10,12,percent,51,66,64,62,59,60,58,-0.025,-0.1,-0.225,-0.45,-0.8,-1.5,0,-0.05,-0.15,-0.3,-0.6,-1,-2,-0.2,-0.5,10/3/2017
X256,256,266,271,267,256,244,235,231,239,245,255,254,15,28,87,151,232,241,263,225,311,240,41,10,7.3975,6.2865,21,soil,cm,200,kg / cubic-m,1402,1290,1359,1401,1438,1464,1493,cmol / kg,9,9,8,7,7,6,6,percent,26,25,28,31,38,38,38,percent,10,11,12,14,15,15,17,g / kg,34,26,20,13,9,7,6,index*10,56,54,53,53,54,54,54,percent,9,9,9,9,7,7,7,percent,51,66,63,61,55,54,54,-0.025,-0.1,-0.225,-0.45,-0.8,-1.5,0,-0.05,-0.15,-0.3,-0.6,-1,-2,-0.2,-0.5,10/3/2017
X279,279,289,288,286,278,267,257,254,264,269,275,275,20,46,105,125,158,184,87,50,105,140,70,32,0.43329999,6.3167,22,soil,cm,200,kg / cubic-m,1352,1343,1417,1471,1495,1523,1552,cmol / kg,18,20,20,19,20,19,20,percent,21,20,23,27,34,35,35,percent,21,21,24,28,30,31,32,g / kg,11,16,12,7,5,4,3,index*10,63,63,61,60,61,62,62,percent,22,21,22,21,20,20,21,percent,42,58,55,52,45,44,44,-0.025,-0.1,-0.225,-0.45,-0.8,-1.5,0,-0.05,-0.15,-0.3,-0.6,-1,-2,-0.2,-0.5,10/3/2017
X239,239,247,249,248,244,231,224,221,229,235,242,240,31,70,157,163,180,233,142,95,173,204,92,49,-0.40000001,6.3167,23,soil,cm,194,kg / cubic-m,1317,1272,1377,1448,1486,1504,1517,cmol / kg,13,14,11,10,9,8,8,percent,20,20,24,28,34,34,35,percent,27,28,31,34,35,35,36,g / kg,13,24,19,12,4,3,2,index*10,54,54,53,53,52,52,51,percent,16,16,15,15,15,15,17,percent,49,64,61,57,51,51,48,-0.025,-0.1,-0.225,-0.45,-0.8,-1.5,0,-0.05,-0.15,-0.3,-0.6,-1,-2,-0.2,-0.5,10/3/2017
X277.1,277,289,288,284,278,266,256,254,262,268,275,275,20,47,106,125,158,187,89,51,107,142,73,33,0.38330001,6.3167,26,soil,cm,200,kg / cubic-m,1397,1352,1409,1479,1521,1538,1561,cmol / kg,18,19,18,18,18,18,18,percent,25,26,28,31,37,37,37,percent,19,20,23,27,30,29,31,g / kg,8,14,10,6,3,2,1,index*10,59,59,57,57,57,57,58,percent,20,19,19,19,18,19,19,percent,40,55,52,50,45,44,44,-0.025,-0.1,-0.225,-0.45,-0.8,-1.5,0,-0.05,-0.15,-0.3,-0.6,-1,-2,-0.2,-0.5,10/3/2017
X279.1,279,288,290,285,279,266,257,254,264,268,275,275,20,46,105,125,158,185,88,50,105,140,71,32,0.40000001,6.3167,28,soil,cm,200,kg / cubic-m,1395,1326,1393,1439,1476,1501,1509,cmol / kg,21,22,22,21,21,20,21,percent,21,20,23,25,32,32,32,percent,15,16,19,22,25,26,28,g / kg,13,19,14,7,6,4,4,index*10,61,61,59,59,59,59,59,percent,22,21,22,21,21,21,22,percent,43,58,54,53,47,47,46,-0.025,-0.1,-0.225,-0.45,-0.8,-1.5,0,-0.05,-0.15,-0.3,-0.6,-1,-2,-0.2,-0.5,10/3/2017
X269,269,280,281,277,275,261,252,245,255,262,270,268,25,58,141,157,193,255,142,82,159,192,89,38,-2.5999999,6.3167,29,soil,cm,200,kg / cubic-m,1365,1330,1435,1509,1554,1567,1579,cmol / kg,10,10,6,6,6,6,6,percent,15,15,17,24,29,31,31,percent,20,19,21,24,28,27,29,g / kg,11,17,11,6,4,2,1,index*10,55,54,53,53,53,53,53,percent,21,21,20,19,18,19,19,percent,50,65,62,58,53,50,50,-0.025,-0.1,-0.225,-0.45,-0.8,-1.5,0,-0.05,-0.15,-0.3,-0.6,-1,-2,-0.2,-0.5,10/3/2017
X263,263,274,279,278,267,255,247,245,248,255,264,263,14,27,85,132,208,238,249,192,315,226,45,10,6.5833,6.35,32,soil,cm,200,kg / cubic-m,1389,1330,1417,1448,1467,1490,1503,cmol / kg,9,9,10,10,10,9,9,percent,22,22,24,26,30,31,33,percent,6,6,8,9,11,12,14,g / kg,40,21,14,10,5,4,3,index*10,57,57,56,56,55,55,56,percent,10,10,10,9,9,9,8,percent,53,68,67,65,61,60,59,-0.025,-0.1,-0.225,-0.45,-0.8,-1.5,0,-0.05,-0.15,-0.3,-0.6,-1,-2,-0.2,-0.5,10/3/2017
X278,278,288,289,285,279,264,257,254,263,267,278,278,9,40,69,111,180,253,107,37,84,122,41,13,2.03,6.39,33,soil,cm,200,kg / cubic-m,1472,1406,1457,1495,1520,1559,1576,cmol / kg,33,9,8,8,8,8,8,percent,13,13,14,16,23,24,25,percent,15,16,16,18,18,21,22,g / kg,23,12,10,4,2,1,0,index*10,57,57,57,56,56,57,58,percent,14,14,13,12,13,13,12,percent,58,74,73,71,64,63,63,-0.025,-0.1,-0.225,-0.45,-0.8,-1.5,0,-0.05,-0.15,-0.3,-0.6,-1,-2,-0.2,-0.5,10/3/2017
X259,259,270,273,270,267,255,247,243,253,257,263,261,28,65,142,163,183,242,138,79,171,205,105,52,-0.56669998,6.4166999,34,soil,cm,200,kg / cubic-m,1413,1351,1443,1520,1540,1548,1563,cmol / kg,11,11,8,7,7,6,6,percent,20,20,24,28,34,35,36,percent,9,10,13,16,19,19,19,g / kg,13,17,12,5,4,3,2,index*10,57,56,55,54,53,53,53,percent,24,24,23,21,21,22,21,percent,41,57,54,51,45,43,43,-0.025,-0.1,-0.225,-0.45,-0.8,-1.5,0,-0.05,-0.15,-0.3,-0.6,-1,-2,-0.2,-0.5,10/3/2017
X276,276,288,286,284,276,265,255,252,262,266,274,275,24,53,114,130,159,178,88,54,118,146,64,32,0.56669998,6.4166999,39,soil,cm,200,kg / cubic-m,1409,1365,1430,1496,1526,1545,1558,cmol / kg,13,14,14,14,14,13,14,percent,20,20,22,27,34,35,35,percent,18,18,22,27,30,31,33,g / kg,15,14,10,5,3,2,1,index*10,61,60,58,58,57,58,59,percent,22,22,22,22,21,21,22,percent,42,58,55,51,46,45,43,-0.025,-0.1,-0.225,-0.45,-0.8,-1.5,0,-0.05,-0.15,-0.3,-0.6,-1,-2,-0.2,-0.5,10/3/2017
X276.1,276,287,290,285,279,263,257,255,262,267,276,277,9,35,70,115,175,255,106,37,92,124,41,13,2.08,6.44,41,soil,cm,200,kg / cubic-m,1465,1392,1445,1485,1518,1534,1572,cmol / kg,11,10,9,8,9,9,9,percent,15,16,17,22,29,29,29,percent,18,18,18,20,21,23,24,g / kg,16,14,12,6,4,2,1,index*10,58,57,57,56,56,56,56,percent,13,13,13,12,11,11,11,percent,56,71,70,66,60,60,59,-0.025,-0.1,-0.225,-0.45,-0.8,-1.5,0,-0.05,-0.15,-0.3,-0.6,-1,-2,-0.2,-0.5,10/3/2017
X277.2,277,288,288,285,278,268,257,256,264,270,277,274,27,56,116,132,154,172,82,53,126,143,58,29,0.6919,6.5046,42,soil,cm,200,kg / cubic-m,1364,1352,1424,1476,1490,1523,1541,cmol / kg,12,13,13,13,13,13,13,percent,20,20,21,25,31,33,33,percent,14,13,16,21,23,23,23,g / kg,8,14,10,7,5,4,3,index*10,60,60,58,58,58,59,59,percent,20,20,21,21,20,20,20,percent,44,60,57,55,48,47,46,-0.025,-0.1,-0.225,-0.45,-0.8,-1.5,0,-0.05,-0.15,-0.3,-0.6,-1,-2,-0.2,-0.5,10/3/2017
X268.1,268,278,277,274,267,255,247,244,253,259,266,265,23,54,115,127,160,206,120,78,137,171,83,40,0.2333,6.5332999,43,soil,cm,200,kg / cubic-m,1372,1364,1423,1491,1528,1554,1571,cmol / kg,10,12,10,10,10,10,10,percent,15,14,17,20,26,27,28,percent,19,19,21,23,26,26,26,g / kg,13,19,13,5,4,3,2,index*10,57,56,55,55,55,54,54,percent,22,22,22,23,21,21,21,percent,48,63,61,58,52,51,51,-0.025,-0.1,-0.225,-0.45,-0.8,-1.5,0,-0.05,-0.15,-0.3,-0.6,-1,-2,-0.2,-0.5,10/3/2017
X236,236,246,248,247,243,231,223,218,228,234,239,238,24,62,145,157,177,226,150,101,189,203,81,39,-0.6667,6.65,46,soil,cm,200,kg / cubic-m,1402,1351,1430,1492,1519,1535,1557,cmol / kg,8,10,7,7,7,6,6,percent,14,14,16,22,31,31,30,percent,17,17,18,22,24,26,27,g / kg,18,17,12,5,3,1,1,index*10,56,56,54,54,54,54,54,percent,18,17,17,15,15,16,18,percent,54,70,68,63,55,54,52,-0.025,-0.1,-0.225,-0.45,-0.8,-1.5,0,-0.05,-0.15,-0.3,-0.6,-1,-2,-0.2,-0.5,10/3/2017
X251,251,261,263,261,258,245,237,234,242,249,253,250,24,57,139,150,172,223,144,93,178,194,82,39,-0.46669999,6.6500001,47,soil,cm,200,kg / cubic-m,1393,1377,1449,1518,1551,1560,1579,cmol / kg,8,9,8,8,8,8,8,percent,13,13,15,20,25,26,26,percent,16,16,18,22,25,25,26,g / kg,14,13,9,4,3,1,0,index*10,61,60,59,58,57,57,56,percent,22,21,21,20,21,21,21,percent,50,65,64,59,55,54,53,-0.025,-0.1,-0.225,-0.45,-0.8,-1.5,0,-0.05,-0.15,-0.3,-0.6,-1,-2,-0.2,-0.5,10/3/2017
X256.1,256,268,275,273,260,250,239,237,242,248,258,256,11,27,95,128,209,226,217,176,303,212,40,8,6.38687,6.65504,48,soil,cm,200,kg / cubic-m,1422,1376,1409,1458,1472,1487,1495,cmol / kg,7,6,5,4,5,5,5,percent,20,20,21,24,32,31,31,percent,4,4,5,7,8,9,12,g / kg,88,15,13,8,5,3,3,index*10,58,55,56,56,56,56,56,percent,9,9,8,8,8,9,9,percent,56,71,71,68,61,60,60,-0.025,-0.1,-0.225,-0.45,-0.8,-1.5,0,-0.05,-0.15,-0.3,-0.6,-1,-2,-0.2,-0.5,10/3/2017
X237.1,237,247,249,248,244,232,223,220,228,235,241,238,23,61,144,156,176,225,149,100,189,201,80,38,-0.699,6.6666999,49,soil,cm,200,kg / cubic-m,1406,1331,1404,1484,1514,1524,1550,cmol / kg,9,9,8,6,6,5,5,percent,18,18,20,26,31,32,32,percent,14,14,16,21,22,23,25,g / kg,22,20,13,8,3,2,1,index*10,57,56,54,54,54,53,53,percent,16,15,15,14,14,14,16,percent,51,67,65,60,55,54,53,-0.025,-0.1,-0.225,-0.45,-0.8,-1.5,0,-0.05,-0.15,-0.3,-0.6,-1,-2,-0.2,-0.5,10/3/2017
X280,280,292,292,287,281,267,258,257,264,269,280,279,5,30,80,113,144,173,85,49,115,128,39,14,2.02,6.6700001,51,soil,cm,200,kg / cubic-m,1330,1325,1389,1450,1476,1500,1522,cmol / kg,19,21,21,20,20,20,20,percent,29,29,31,33,37,37,38,percent,6,6,7,9,11,12,13,g / kg,14,17,15,8,6,6,5,index*10,59,59,58,58,58,57,58,percent,21,22,21,20,19,19,19,percent,35,49,48,47,44,44,43,-0.025,-0.1,-0.225,-0.45,-0.8,-1.5,0,-0.05,-0.15,-0.3,-0.6,-1,-2,-0.2,-0.5,10/3/2017
X277.3,277,288,290,284,276,262,253,251,260,265,278,275,7,36,86,116,153,187,91,56,119,142,44,14,2.1300001,6.73,52,soil,cm,200,kg / cubic-m,1360,1345,1403,1463,1502,1529,1546,cmol / kg,15,15,13,13,13,12,13,percent,21,21,22,27,31,31,32,percent,4,4,7,9,10,11,12,g / kg,6,17,14,7,4,3,2,index*10,58,58,57,58,56,56,57,percent,12,11,11,10,10,11,12,percent,52,68,67,63,58,58,56,-0.025,-0.1,-0.225,-0.45,-0.8,-1.5,0,-0.05,-0.15,-0.3,-0.6,-1,-2,-0.2,-0.5,10/3/2017
X280.1,280,289,291,285,278,263,256,252,258,266,278,278,8,35,112,117,167,211,137,73,131,154,43,27,2.6500001,6.73,53,soil,cm,200,kg / cubic-m,1429,1398,1444,1489,1514,1518,1547,cmol / kg,7,7,7,7,7,7,7,percent,18,19,21,26,29,30,31,percent,13,13,14,15,16,17,20,g / kg,9,13,12,7,3,2,1,index*10,61,61,60,60,59,59,58,percent,10,9,8,8,8,8,9,percent,57,72,71,66,63,62,61,-0.025,-0.1,-0.225,-0.45,-0.8,-1.5,0,-0.05,-0.15,-0.3,-0.6,-1,-2,-0.2,-0.5,10/3/2017
X275.1,275,287,289,286,279,268,258,256,263,270,275,272,23,49,114,135,160,199,141,98,163,168,79,32,0.31670001,6.8499999,54,soil,cm,200,kg / cubic-m,1404,1356,1411,1490,1529,1547,1569,cmol / kg,10,10,10,10,9,9,9,percent,21,20,22,25,28,30,31,percent,11,12,14,16,17,18,19,g / kg,10,16,11,5,3,2,1,index*10,62,61,59,59,59,59,59,percent,26,25,25,25,24,24,23,percent,38,55,53,50,48,46,46,-0.025,-0.1,-0.225,-0.45,-0.8,-1.5,0,-0.05,-0.15,-0.3,-0.6,-1,-2,-0.2,-0.5,10/3/2017
X268.4,268,281,283,280,274,263,254,251,259,265,270,266,17,45,119,137,161,206,135,87,169,177,72,30,-0.46669999,6.8832998,56,soil,cm,200,kg / cubic-m,1363,1364,1422,1489,1526,1537,1554,cmol / kg,10,9,9,9,9,9,9,percent,14,14,16,21,25,26,27,percent,9,10,14,16,19,21,21,g / kg,8,12,9,5,3,2,1,index*10,61,61,60,60,60,60,60,percent,30,29,28,27,26,26,27,percent,41,57,57,52,48,48,46,-0.025,-0.1,-0.225,-0.45,-0.8,-1.5,0,-0.05,-0.15,-0.3,-0.6,-1,-2,-0.2,-0.5,10/3/2017
X278.1,278,290,289,281,274,261,252,249,259,266,276,272,4,31,94,127,144,155,112,81,142,126,32,14,1.883333333,6.933333333,60,soil,cm,200,kg / cubic-m,1428,1411,1451,1502,1517,1536,1567,cmol / kg,9,10,9,9,9,9,9,percent,14,14,16,20,29,30,30,percent,13,13,15,17,18,19,20,g / kg,17,15,10,5,4,2,1,index*10,62,62,60,60,60,61,62,percent,13,13,12,12,10,11,10,percent,58,73,72,68,61,59,59,-0.025,-0.1,-0.225,-0.45,-0.8,-1.5,0,-0.05,-0.15,-0.3,-0.6,-1,-2,-0.2,-0.5,10/3/2017
X272.1,272,284,286,282,275,265,255,252,261,267,272,269,21,45,108,133,152,199,162,113,178,174,81,30,0.30000001,6.9833002,62,soil,cm,200,kg / cubic-m,1415,1382,1445,1505,1525,1544,1565,cmol / kg,6,7,7,7,7,6,6,percent,11,11,13,18,22,24,25,percent,11,11,12,15,19,20,21,g / kg,0,12,10,5,3,1,1,index*10,59,58,57,57,57,56,57,percent,18,18,16,16,16,16,15,percent,56,71,70,65,62,60,60,-0.025,-0.1,-0.225,-0.45,-0.8,-1.5,0,-0.05,-0.15,-0.3,-0.6,-1,-2,-0.2,-0.5,10/3/2017
X286,286,298,297,291,283,269,260,257,265,273,284,281,4,29,69,137,158,167,105,94,138,123,31,11,2.39,7.02,64,soil,cm,200,kg / cubic-m,1394,1378,1429,1498,1521,1537,1562,cmol / kg,15,13,13,12,13,13,13,percent,22,20,22,27,31,33,33,percent,0,0,1,2,3,4,7,g / kg,13,16,12,5,4,3,2,index*10,65,63,62,62,62,62,63,percent,24,23,23,21,19,19,18,percent,40,57,56,53,50,48,48,-0.025,-0.1,-0.225,-0.45,-0.8,-1.5,0,-0.05,-0.15,-0.3,-0.6,-1,-2,-0.2,-0.5,10/3/2017
X258,258,273,274,269,265,251,244,239,248,253,260,254,11,44,128,130,163,188,119,68,162,177,56,19,-2.0667,7.0833001,65,soil,cm,200,kg / cubic-m,1346,1333,1417,1493,1532,1544,1561,cmol / kg,9,10,7,7,7,7,7,percent,17,18,21,26,30,32,32,percent,11,11,13,15,17,18,19,g / kg,23,19,12,6,5,3,2,index*10,60,58,56,56,55,56,56,percent,23,23,22,22,21,21,21,percent,44,59,57,52,49,46,46,-0.025,-0.1,-0.225,-0.45,-0.8,-1.5,0,-0.05,-0.15,-0.3,-0.6,-1,-2,-0.2,-0.5,10/3/2017
X261,261,272,276,274,272,262,250,248,257,264,260,257,20,36,77,145,297,500,614,496,551,357,184,54,-11.35,7.22,70,soil,cm,200,kg / cubic-m,1278,1258,1321,1367,1414,1425,1475,cmol / kg,9,10,8,7,7,7,7,percent,21,21,23,29,35,37,37,percent,27,28,33,37,39,38,38,g / kg,8,25,19,12,7,5,5,index*10,52,52,52,52,51,51,52,percent,14,13,13,12,12,13,14,percent,49,66,63,59,53,49,48,-0.025,-0.1,-0.225,-0.45,-0.8,-1.5,0,-0.05,-0.15,-0.3,-0.6,-1,-2,-0.2,-0.5,10/3/2017
X256.2,256,266,273,269,260,248,237,233,240,247,259,256,9,32,96,130,163,182,203,155,250,164,43,20,5.3,7.23,73,soil,cm,200,kg / cubic-m,1352,1313,1396,1457,1488,1507,1518,cmol / kg,10,11,9,8,8,8,8,percent,22,22,25,31,38,39,39,percent,13,13,16,19,22,21,23,g / kg,45,19,12,7,5,3,2,index*10,58,57,56,56,56,56,56,percent,19,19,18,17,17,17,19,percent,44,59,57,52,45,44,43,-0.025,-0.1,-0.225,-0.45,-0.8,-1.5,0,-0.05,-0.15,-0.3,-0.6,-1,-2,-0.2,-0.5,10/3/2017
X273,273,282,287,282,272,260,250,247,256,262,272,270,12,29,98,142,165,199,172,91,163,161,46,12,3.5333,7.2333,74,soil,cm,200,kg / cubic-m,1356,1292,1389,1463,1480,1492,1502,cmol / kg,10,9,8,7,7,7,7,percent,15,16,19,25,32,33,34,percent,13,13,14,18,18,19,20,g / kg,3,22,15,8,5,4,2,index*10,61,60,59,59,58,59,59,percent,17,16,16,15,15,16,15,percent,53,68,65,60,53,51,51,-0.025,-0.1,-0.225,-0.45,-0.8,-1.5,0,-0.05,-0.15,-0.3,-0.6,-1,-2,-0.2,-0.5,10/3/2017
X260,260,276,277,271,266,252,244,240,248,255,261,257,8,39,123,122,162,183,104,69,158,159,43,15,-2.6833,7.3167,75,soil,cm,200,kg / cubic-m,1349,1293,1399,1463,1504,1513,1538,cmol / kg,15,16,12,11,11,11,11,percent,20,20,22,27,31,33,33,percent,10,10,11,14,15,16,18,g / kg,32,22,13,6,4,2,1,index*10,57,57,54,54,54,54,53,percent,21,21,19,19,18,20,20,percent,44,60,58,54,50,48,48,-0.025,-0.1,-0.225,-0.45,-0.8,-1.5,0,-0.05,-0.15,-0.3,-0.6,-1,-2,-0.2,-0.5,10/3/2017
X265,265,278,284,284,280,268,258,255,263,269,270,266,17,27,56,135,277,452,685,637,580,339,198,44,-11.72083,7.35806,83,soil,cm,200,kg / cubic-m,1333,1284,1365,1422,1464,1488,1520,cmol / kg,7,8,8,7,8,7,7,percent,25,24,26,32,37,37,38,percent,17,18,21,24,26,26,26,g / kg,100,23,22,12,11,10,10,index*10,52,51,51,51,51,51,51,percent,22,21,21,20,18,18,18,percent,38,55,53,48,45,45,44,-0.025,-0.1,-0.225,-0.45,-0.8,-1.5,0,-0.05,-0.15,-0.3,-0.6,-1,-2,-0.2,-0.5,10/3/2017
X271,271,280,286,281,272,258,247,243,254,262,269,269,5,24,82,141,156,182,163,122,183,174,37,8,3.9018433,7.4708848,85,soil,cm,200,kg / cubic-m,1380,1331,1410,1485,1507,1532,1555,cmol / kg,7,9,8,8,8,7,7,percent,17,16,18,23,30,31,32,percent,10,10,11,15,16,15,18,g / kg,0,17,11,5,3,1,1,index*10,62,62,61,61,61,61,60,percent,16,15,15,14,14,14,16,percent,53,68,67,64,56,55,52,-0.025,-0.1,-0.225,-0.45,-0.8,-1.5,0,-0.05,-0.15,-0.3,-0.6,-1,-2,-0.2,-0.5,10/3/2017
X269.1,269,276,284,277,268,256,244,238,252,259,265,266,6,24,83,140,156,179,160,121,186,175,38,9,3.9099205,7.5014243,86,soil,cm,200,kg / cubic-m,1392,1369,1425,1462,1483,1504,1536,cmol / kg,4,7,6,6,6,5,5,percent,20,20,23,32,47,49,47,percent,22,22,25,32,31,30,30,g / kg,22,14,11,5,2,0,0,index*10,63,63,63,63,62,61,61,percent,16,16,15,14,13,13,16,percent,48,64,62,54,40,38,37,-0.025,-0.1,-0.225,-0.45,-0.8,-1.5,0,-0.05,-0.15,-0.3,-0.6,-1,-2,-0.2,-0.5,10/3/2017
X268.8,268,276,280,281,276,263,252,249,255,264,267,268,9,22,36,102,275,547,769,729,562,315,164,56,-12.51,7.53,91,soil,cm,200,kg / cubic-m,1358,1262,1340,1357,1422,1476,1528,cmol / kg,11,12,13,12,12,12,12,percent,31,29,30,35,35,35,36,percent,27,27,30,32,33,34,34,g / kg,112,20,19,11,10,8,7,index*10,54,52,52,53,53,54,54,percent,23,22,22,21,19,19,21,percent,31,49,48,45,46,45,43,-0.025,-0.1,-0.225,-0.45,-0.8,-1.5,0,-0.05,-0.15,-0.3,-0.6,-1,-2,-0.2,-0.5,10/3/2017
X255,255,270,271,266,258,245,237,231,239,243,250,246,7,35,115,135,160,175,116,80,180,182,46,16,-2.0667,7.5332999,93,soil,cm,200,kg / cubic-m,1404,1331,1418,1479,1513,1515,1520,cmol / kg,6,8,6,6,6,5,5,percent,14,14,17,21,26,28,28,percent,9,8,9,10,12,12,15,g / kg,10,18,13,5,3,2,2,index*10,58,56,55,55,54,54,53,percent,21,21,19,19,19,19,20,percent,50,66,64,60,55,53,52,-0.025,-0.1,-0.225,-0.45,-0.8,-1.5,0,-0.05,-0.15,-0.3,-0.6,-1,-2,-0.2,-0.5,10/3/2017
X267,267,275,282,282,275,263,253,250,256,264,267,266,10,23,41,106,268,511,711,685,552,315,170,52,-12.37306,7.54167,95,soil,cm,200,kg / cubic-m,1067,913,901,923,957,1001,1025,cmol / kg,23,25,22,21,20,20,19,percent,29,27,29,31,35,35,35,percent,34,35,36,39,42,42,38,g / kg,33,64,37,34,28,27,28,index*10,50,49,49,49,50,50,50,percent,24,23,24,24,22,22,24,percent,32,50,48,45,43,43,42,-0.025,-0.1,-0.225,-0.45,-0.8,-1.5,0,-0.05,-0.15,-0.3,-0.6,-1,-2,-0.2,-0.5,10/3/2017
X267.1,267,284,288,282,274,261,254,252,259,262,269,265,6,20,97,127,159,176,140,91,193,168,41,14,-1.2,7.5500002,96,soil,cm,200,kg / cubic-m,1437,1429,1467,1519,1545,1563,1568,cmol / kg,5,6,6,6,6,6,6,percent,6,7,9,14,20,22,23,percent,7,6,10,13,13,15,16,g / kg,31,10,8,5,3,1,0,index*10,61,61,60,59,59,58,58,percent,16,15,14,15,14,14,14,percent,63,77,76,72,66,64,63,-0.025,-0.1,-0.225,-0.45,-0.8,-1.5,0,-0.05,-0.15,-0.3,-0.6,-1,-2,-0.2,-0.5,10/3/2017
X273.1,273,291,294,287,279,265,256,256,262,268,274,269,6,16,81,123,149,179,149,108,203,160,38,12,-0.9808,7.7554,98,soil,cm,200,kg / cubic-m,1454,1434,1456,1519,1543,1568,1581,cmol / kg,28,6,5,6,6,7,7,percent,9,10,11,15,19,21,22,percent,10,10,12,16,15,16,17,g / kg,106,11,9,4,4,2,2,index*10,61,60,59,59,59,59,59,percent,18,17,17,16,16,16,16,percent,58,73,72,70,65,63,62,-0.025,-0.1,-0.225,-0.45,-0.8,-1.5,0,-0.05,-0.15,-0.3,-0.6,-1,-2,-0.2,-0.5,10/3/2017
X256.3,256,266,270,267,265,256,245,241,250,255,258,252,15,34,102,146,242,308,376,500,449,336,189,47,-11.1875,7.87667,99,soil,cm,200,kg / cubic-m,1371,1348,1361,1404,1412,1462,1494,cmol / kg,29,8,8,8,8,7,8,percent,23,23,25,31,35,36,36,percent,11,12,13,15,14,15,15,g / kg,92,17,17,11,9,6,5,index*10,55,54,53,53,53,54,53,percent,18,18,18,16,15,15,16,percent,44,60,58,53,50,48,47,-0.025,-0.1,-0.225,-0.45,-0.8,-1.5,0,-0.05,-0.15,-0.3,-0.6,-1,-2,-0.2,-0.5,10/3/2017
X256.5,256,268,273,271,266,258,246,244,253,258,260,253,13,34,103,150,244,303,367,482,441,335,190,46,-11.14,7.94,101,soil,cm,200,kg / cubic-m,1413,1316,1385,1423,1450,1473,1505,cmol / kg,36,12,11,10,10,10,10,percent,20,21,25,30,36,38,38,percent,18,19,21,21,24,25,26,g / kg,43,23,15,7,6,3,2,index*10,54,53,52,52,53,53,53,percent,20,19,20,19,18,17,18,percent,44,60,55,51,46,45,43,-0.025,-0.1,-0.225,-0.45,-0.8,-1.5,0,-0.05,-0.15,-0.3,-0.6,-1,-2,-0.2,-0.5,10/3/2017
X269.6,269,286,290,283,274,261,253,247,254,260,266,261,5,25,91,138,162,179,121,94,201,169,44,11,-2,8,102,soil,cm,200,kg / cubic-m,1399,1367,1414,1502,1542,1551,1569,cmol / kg,30,8,8,8,9,8,9,percent,10,11,13,16,22,24,24,percent,15,16,20,23,27,27,27,g / kg,10,14,10,4,2,1,0,index*10,61,61,60,60,60,61,61,percent,29,29,29,29,27,27,28,percent,45,60,58,55,51,48,48,-0.025,-0.1,-0.225,-0.45,-0.8,-1.5,0,-0.05,-0.15,-0.3,-0.6,-1,-2,-0.2,-0.5,10/3/2017
X280.2,280,293,293,285,276,265,254,249,257,267,279,271,6,19,71,106,138,153,175,158,162,108,14,7,2.1700001,8.0200005,104,soil,cm,200,kg / cubic-m,1408,1378,1431,1479,1493,1514,1534,cmol / kg,4,7,7,7,7,7,7,percent,8,9,11,14,20,20,21,percent,15,15,17,22,24,25,26,g / kg,85,10,7,4,2,1,0,index*10,62,61,60,60,59,60,59,percent,15,15,14,14,14,14,14,percent,62,76,75,72,66,66,65,-0.025,-0.1,-0.225,-0.45,-0.8,-1.5,0,-0.05,-0.15,-0.3,-0.6,-1,-2,-0.2,-0.5,10/3/2017
X265.2,265,275,286,281,270,257,245,241,250,256,266,262,8,22,74,114,156,163,135,105,205,169,41,11,4.1300001,8.0299997,105,soil,cm,200,kg / cubic-m,1378,1319,1401,1427,1418,1395,1403,cmol / kg,6,9,7,7,8,8,8,percent,11,12,14,18,22,24,24,percent,15,15,16,22,22,22,24,g / kg,1,13,10,5,3,1,2,index*10,62,62,61,60,60,60,60,percent,16,16,15,16,16,16,17,percent,58,72,71,66,62,59,58,-0.025,-0.1,-0.225,-0.45,-0.8,-1.5,0,-0.05,-0.15,-0.3,-0.6,-1,-2,-0.2,-0.5,10/3/2017
X257,257,275,282,282,274,263,254,251,259,263,265,259,3,10,43,97,229,338,445,529,452,328,149,19,-12.1,8.04,108,soil,cm,200,kg / cubic-m,1335,1277,1339,1392,1434,1455,1485,cmol / kg,34,12,11,10,9,9,9,percent,22,21,23,27,31,33,33,percent,17,18,20,22,25,26,26,g / kg,12,21,19,11,8,7,6,index*10,52,50,49,50,49,49,49,percent,17,17,17,16,16,16,16,percent,46,62,60,57,52,51,51,-0.025,-0.1,-0.225,-0.45,-0.8,-1.5,0,-0.05,-0.15,-0.3,-0.6,-1,-2,-0.2,-0.5,10/3/2017
X260.8,260,267,275,277,272,260,251,247,255,260,264,260,9,12,24,73,236,391,689,752,526,316,165,42,-12.85,8.13,109,soil,cm,200,kg / cubic-m,1239,1147,1154,1241,1289,1331,1342,cmol / kg,21,21,20,19,19,19,19,percent,32,31,32,33,36,36,37,percent,19,19,21,23,24,25,27,g / kg,96,45,48,42,38,37,37,index*10,51,49,49,49,49,49,50,percent,26,25,24,24,22,22,24,percent,27,45,44,42,42,42,39,-0.025,-0.1,-0.225,-0.45,-0.8,-1.5,0,-0.05,-0.15,-0.3,-0.6,-1,-2,-0.2,-0.5,10/3/2017
X262,262,273,284,279,268,255,243,240,247,254,264,260,9,20,72,111,158,166,137,110,213,172,39,12,4.2666667,8.1333337,110,soil,cm,200,kg / cubic-m,1326,1277,1348,1373,1373,1365,1376,cmol / kg,5,8,7,6,7,7,8,percent,10,10,12,17,22,25,25,percent,13,12,14,20,20,23,25,g / kg,83,12,10,4,2,2,1,index*10,60,59,58,58,58,58,57,percent,16,16,15,14,15,14,15,percent,59,74,73,68,63,61,60,-0.025,-0.1,-0.225,-0.45,-0.8,-1.5,0,-0.05,-0.15,-0.3,-0.6,-1,-2,-0.2,-0.5,10/3/2017
X284,284,300,300,291,281,270,260,255,261,271,284,275,4,15,61,93,136,142,165,150,160,104,11,4,2.37,8.2,111,soil,cm,200,kg / cubic-m,1389,1360,1418,1467,1485,1508,1531,cmol / kg,32,9,8,9,10,10,10,percent,9,9,12,18,25,26,26,percent,15,15,21,28,30,31,31,g / kg,77,12,9,5,3,2,1,index*10,63,61,60,60,60,60,61,percent,21,21,21,19,19,19,20,percent,54,70,67,64,57,55,54,-0.025,-0.1,-0.225,-0.45,-0.8,-1.5,0,-0.05,-0.15,-0.3,-0.6,-1,-2,-0.2,-0.5,10/3/2017
X246.3,246,266,275,272,269,262,250,249,257,258,261,253,12,35,112,175,248,320,328,402,416,338,183,44,-10.7124,8.2451,112,soil,cm,200,kg / cubic-m,1345,1245,1337,1423,1471,1486,1499,cmol / kg,17,18,16,15,15,15,15,percent,28,28,31,34,37,38,38,percent,18,18,19,21,22,22,22,g / kg,31,27,22,12,7,5,3,index*10,54,53,53,53,53,54,54,percent,22,21,20,20,18,18,19,percent,36,51,49,47,45,44,43,-0.025,-0.1,-0.225,-0.45,-0.8,-1.5,0,-0.05,-0.15,-0.3,-0.6,-1,-2,-0.2,-0.5,10/3/2017
X261.3,261,274,282,283,276,264,255,251,258,264,266,260,4,8,30,96,228,355,489,601,496,371,157,24,-11.93,8.35,114,soil,cm,200,kg / cubic-m,1271,1253,1341,1406,1426,1446,1484,cmol / kg,37,13,11,11,10,11,11,percent,23,23,27,30,34,36,36,percent,22,23,25,30,33,35,33,g / kg,73,25,20,12,8,5,5,index*10,52,51,51,51,52,53,52,percent,22,22,21,20,20,20,20,percent,39,55,52,49,46,44,43,-0.025,-0.1,-0.225,-0.45,-0.8,-1.5,0,-0.05,-0.15,-0.3,-0.6,-1,-2,-0.2,-0.5,10/3/2017
X275.3,275,289,291,284,274,264,252,245,256,262,275,268,5,13,61,93,141,144,193,179,167,97,9,6,1.92,8.4200001,115,soil,cm,200,kg / cubic-m,1414,1330,1407,1469,1496,1505,1522,cmol / kg,31,8,8,8,9,8,9,percent,16,16,18,24,30,30,30,percent,10,11,12,16,17,18,21,g / kg,30,14,10,5,3,2,2,index*10,61,60,59,59,58,59,60,percent,21,21,20,20,19,20,20,percent,48,63,62,56,51,49,49,-0.025,-0.1,-0.225,-0.45,-0.8,-1.5,0,-0.05,-0.15,-0.3,-0.6,-1,-2,-0.2,-0.5,10/3/2017
X243,243,257,267,265,261,251,241,237,246,249,250,244,9,23,81,131,245,320,405,524,479,367,182,36,-11.4547,8.4371,116,soil,cm,200,kg / cubic-m,1279,1207,1311,1370,1406,1434,1467,cmol / kg,16,16,15,14,14,13,13,percent,22,22,24,31,35,35,35,percent,17,18,20,25,27,28,29,g / kg,31,28,23,14,10,8,8,index*10,54,52,52,52,53,53,53,percent,20,20,19,17,17,18,19,percent,43,58,56,51,49,47,46,-0.025,-0.1,-0.225,-0.45,-0.8,-1.5,0,-0.05,-0.15,-0.3,-0.6,-1,-2,-0.2,-0.5,10/3/2017
X267.3,267,286,300,303,285,269,260,257,263,270,274,265,2,5,25,73,157,170,215,260,253,138,9,0,8.51667,8.48333,117,soil,cm,200,kg / cubic-m,1437,1405,1447,1493,1529,1537,1568,cmol / kg,32,10,10,9,10,9,10,percent,14,15,17,23,26,26,26,percent,12,12,13,15,13,14,15,g / kg,88,13,10,4,4,1,1,index*10,59,58,58,57,57,57,57,percent,19,18,17,17,17,17,17,percent,52,66,66,60,57,57,57,-0.025,-0.1,-0.225,-0.45,-0.8,-1.5,0,-0.05,-0.15,-0.3,-0.6,-1,-2,-0.2,-0.5,10/3/2017
X242,242,257,265,265,260,250,240,236,246,248,250,244,9,22,76,128,245,324,415,533,484,374,181,35,-11.5,8.5,118,soil,cm,200,kg / cubic-m,1295,1235,1319,1386,1410,1432,1461,cmol / kg,39,16,14,14,13,13,13,percent,25,26,27,33,38,41,41,percent,23,24,26,31,33,33,36,g / kg,32,25,20,13,7,5,4,index*10,54,53,53,53,54,54,55,percent,20,20,20,19,18,18,19,percent,40,54,53,48,44,42,41,-0.025,-0.1,-0.225,-0.45,-0.8,-1.5,0,-0.05,-0.15,-0.3,-0.6,-1,-2,-0.2,-0.5,10/3/2017
X268.10,268,284,289,282,272,259,248,240,249,257,266,258,7,12,50,85,132,145,184,159,203,121,11,7,2.5799999,8.8800001,122,soil,cm,200,kg / cubic-m,1401,1342,1414,1432,1468,1474,1490,cmol / kg,28,8,7,7,7,7,7,percent,14,15,16,22,28,28,28,percent,17,17,22,29,29,30,29,g / kg,26,11,9,5,3,2,1,index*10,61,59,59,59,59,59,59,percent,19,19,18,17,17,17,18,percent,53,66,66,61,55,55,54,-0.025,-0.1,-0.225,-0.45,-0.8,-1.5,0,-0.05,-0.15,-0.3,-0.6,-1,-2,-0.2,-0.5,10/3/2017
X269.8,269,281,286,280,269,255,243,238,246,257,268,264,7,9,50,84,133,144,215,216,203,97,6,7,1.67,8.9799995,123,soil,cm,200,kg / cubic-m,1364,1315,1403,1445,1470,1485,1503,cmol / kg,32,8,7,7,7,7,8,percent,16,17,19,24,30,31,30,percent,10,10,12,17,17,18,18,g / kg,37,17,12,6,4,2,2,index*10,60,59,57,57,57,57,57,percent,20,20,19,19,19,19,19,percent,49,63,62,57,51,50,51,-0.025,-0.1,-0.225,-0.45,-0.8,-1.5,0,-0.05,-0.15,-0.3,-0.6,-1,-2,-0.2,-0.5,10/3/2017
X269.10,269,286,291,285,274,261,249,242,250,259,266,260,6,11,44,81,131,147,189,178,206,112,10,6,2.5699999,9.0200005,125,soil,cm,200,kg / cubic-m,1464,1331,1432,1447,1461,1473,1502,cmol / kg,31,9,9,9,10,9,9,percent,14,14,18,23,27,29,29,percent,11,10,15,19,22,23,22,g / kg,30,12,10,4,3,1,1,index*10,61,60,59,59,59,60,60,percent,22,22,22,21,22,21,21,percent,49,64,61,56,52,50,50,-0.025,-0.1,-0.225,-0.45,-0.8,-1.5,0,-0.05,-0.15,-0.3,-0.6,-1,-2,-0.2,-0.5,10/3/2017
X268.11,268,286,299,298,278,260,254,249,254,263,271,264,2,7,21,72,145,168,216,236,254,115,6,1,6.6333337,9.1000004,128,soil,cm,200,kg / cubic-m,1435,1351,1397,1416,1425,1436,1452,cmol / kg,30,8,7,7,7,7,7,percent,9,10,13,20,23,23,23,percent,9,9,10,13,14,14,16,g / kg,81,9,7,5,3,2,1,index*10,57,56,56,56,56,56,56,percent,16,16,16,16,15,15,16,percent,59,74,71,65,62,61,61,-0.025,-0.1,-0.225,-0.45,-0.8,-1.5,0,-0.05,-0.15,-0.3,-0.6,-1,-2,-0.2,-0.5,10/3/2017
X277.4,277,299,306,298,286,271,261,259,259,271,278,274,1,7,42,96,126,152,142,160,210,113,9,4,-1.55,9.1332998,130,soil,cm,200,kg / cubic-m,1499,1451,1487,1537,1581,1600,1618,cmol / kg,30,7,7,8,8,9,9,percent,10,10,12,17,22,24,24,percent,11,11,14,16,19,20,21,g / kg,100,9,7,4,2,1,0,index*10,62,61,60,60,60,60,61,percent,21,21,20,19,19,19,18,percent,53,69,68,64,59,57,58,-0.025,-0.1,-0.225,-0.45,-0.8,-1.5,0,-0.05,-0.15,-0.3,-0.6,-1,-2,-0.2,-0.5,10/3/2017
X258.5,258,278,292,284,275,260,251,247,244,258,259,254,2,10,51,95,131,147,161,151,209,105,15,8,-2.4833,9.1999998,132,soil,cm,200,kg / cubic-m,1435,1397,1464,1512,1536,1556,1571,cmol / kg,31,10,10,10,11,10,12,percent,16,17,19,23,29,30,31,percent,12,12,14,17,21,21,22,g / kg,86,14,9,5,3,1,1,index*10,63,63,61,60,60,61,61,percent,28,27,27,26,26,26,26,percent,42,57,54,51,45,44,43,-0.025,-0.1,-0.225,-0.45,-0.8,-1.5,0,-0.05,-0.15,-0.3,-0.6,-1,-2,-0.2,-0.5,10/3/2017
X273.2,273,291,304,305,287,271,259,255,259,269,275,266,4,5,24,73,139,176,184,184,242,109,8,1,5.05,9.28333,134,soil,cm,200,kg / cubic-m,1434,1380,1419,1469,1504,1525,1551,cmol / kg,31,8,9,9,9,9,9,percent,14,15,17,21,26,26,26,percent,8,7,10,12,14,15,14,g / kg,59,12,9,4,3,1,0,index*10,60,59,58,59,58,59,59,percent,22,21,20,20,19,19,20,percent,49,64,63,60,55,55,54,-0.025,-0.1,-0.225,-0.45,-0.8,-1.5,0,-0.05,-0.15,-0.3,-0.6,-1,-2,-0.2,-0.5,10/3/2017
X278.3,278,297,309,309,287,268,262,258,260,269,279,274,1,4,15,66,137,171,216,230,255,107,5,0,6.2999997,9.3371178,135,soil,cm,200,kg / cubic-m,1452,1394,1438,1451,1489,1509,1530,cmol / kg,30,8,8,8,8,9,9,percent,11,12,15,20,24,24,24,percent,7,7,8,11,13,13,15,g / kg,85,9,8,5,4,2,2,index*10,59,58,57,57,58,59,59,percent,17,17,16,16,14,15,16,percent,57,71,69,65,62,61,59,-0.025,-0.1,-0.225,-0.45,-0.8,-1.5,0,-0.05,-0.15,-0.3,-0.6,-1,-2,-0.2,-0.5,10/3/2017
X277.6,277,296,308,308,288,268,261,257,260,269,279,273,1,4,15,66,138,171,216,231,255,107,5,0,6.3,9.35,136,soil,cm,200,kg / cubic-m,1441,1413,1449,1465,1487,1505,1540,cmol / kg,32,10,9,9,10,9,10,percent,12,13,16,21,24,25,24,percent,10,10,13,19,21,23,25,g / kg,76,10,8,4,3,1,1,index*10,59,59,59,58,58,58,59,percent,20,20,18,17,17,17,17,percent,53,67,66,62,59,58,58,-0.025,-0.1,-0.225,-0.45,-0.8,-1.5,0,-0.05,-0.15,-0.3,-0.6,-1,-2,-0.2,-0.5,10/3/2017
X271.1,271,286,286,288,275,261,251,244,252,261,269,265,2,7,32,74,122,148,211,242,211,81,5,2,2.25,9.5,137,soil,cm,200,kg / cubic-m,1382,1354,1420,1467,1508,1513,1533,cmol / kg,32,10,8,8,9,8,8,percent,16,17,20,26,31,33,31,percent,19,19,23,33,33,33,32,g / kg,34,14,13,6,4,2,1,index*10,61,61,60,59,60,60,61,percent,19,19,18,17,18,18,19,percent,50,64,61,57,51,50,50,-0.025,-0.1,-0.225,-0.45,-0.8,-1.5,0,-0.05,-0.15,-0.3,-0.6,-1,-2,-0.2,-0.5,10/3/2017
X266,266,279,286,283,269,254,242,237,244,255,264,262,2,6,34,84,125,156,246,253,235,80,5,4,1.72,9.6700001,139,soil,cm,200,kg / cubic-m,1435,1385,1442,1480,1502,1508,1523,cmol / kg,7,9,9,8,10,9,9,percent,13,14,19,25,30,30,30,percent,11,11,15,22,25,27,26,g / kg,58,11,11,4,3,1,0,index*10,62,61,60,59,59,60,60,percent,21,20,19,18,18,18,19,percent,51,66,63,57,52,53,52,-0.025,-0.1,-0.225,-0.45,-0.8,-1.5,0,-0.05,-0.15,-0.3,-0.6,-1,-2,-0.2,-0.5,10/3/2017
X266.1,266,278,287,282,268,252,242,237,243,256,265,261,2,6,34,84,125,157,248,253,238,81,5,4,1.67,9.6700001,140,soil,cm,200,kg / cubic-m,1436,1367,1445,1467,1490,1497,1518,cmol / kg,31,9,10,10,10,11,11,percent,14,15,18,26,30,32,31,percent,11,11,12,17,21,22,22,g / kg,51,11,10,6,4,2,1,index*10,61,60,59,59,60,60,60,percent,20,19,19,18,19,18,19,percent,51,66,63,56,51,50,50,-0.025,-0.1,-0.225,-0.45,-0.8,-1.5,0,-0.05,-0.15,-0.3,-0.6,-1,-2,-0.2,-0.5,10/3/2017
X208,208,225,243,251,239,222,207,203,213,225,222,210,2,4,24,93,192,195,280,290,224,59,6,0,8.833333333,9.733333333,142,soil,cm,200,kg / cubic-m,1392,1332,1345,1326,1336,1363,1382,cmol / kg,9,11,10,11,11,12,12,percent,20,20,24,33,33,34,32,percent,18,19,21,22,23,24,25,g / kg,88,15,13,9,7,6,5,index*10,57,56,55,55,55,56,56,percent,24,24,24,22,22,22,22,percent,41,55,52,45,45,44,46,-0.025,-0.1,-0.225,-0.45,-0.8,-1.5,0,-0.05,-0.15,-0.3,-0.6,-1,-2,-0.2,-0.5,10/3/2017
X268.13,268,282,284,288,273,257,246,241,247,258,264,262,1,5,29,68,119,152,214,246,217,73,4,2,2.25,9.75,143,soil,cm,200,kg / cubic-m,1405,1319,1400,1461,1478,1490,1509,cmol / kg,7,7,7,7,7,7,7,percent,18,18,20,27,34,35,33,percent,18,18,23,30,33,31,28,g / kg,12,12,10,4,3,1,0,index*10,61,60,59,58,59,59,59,percent,21,21,20,20,19,19,20,percent,46,62,60,53,47,46,47,-0.025,-0.1,-0.225,-0.45,-0.8,-1.5,0,-0.05,-0.15,-0.3,-0.6,-1,-2,-0.2,-0.5,10/3/2017
X263.1,263,279,282,288,272,258,246,242,246,258,262,258,0,3,26,57,117,158,190,234,220,70,5,3,2.7,9.8500004,144,soil,cm,200,kg / cubic-m,1413,1362,1431,1456,1495,1500,1525,cmol / kg,6,8,8,8,8,8,8,percent,14,15,18,23,29,30,30,percent,9,9,11,18,21,21,21,g / kg,50,11,9,5,3,1,1,index*10,61,60,60,60,60,60,60,percent,19,19,18,17,18,18,17,percent,51,66,64,60,53,52,53,-0.025,-0.1,-0.225,-0.45,-0.8,-1.5,0,-0.05,-0.15,-0.3,-0.6,-1,-2,-0.2,-0.5,10/3/2017
X259.6,259,276,284,288,272,257,245,240,246,256,261,254,1,4,24,62,126,161,193,235,230,74,6,2,2.9300001,9.9200001,147,soil,cm,200,kg / cubic-m,1451,1400,1443,1461,1485,1477,1501,cmol / kg,5,6,6,7,8,8,8,percent,15,16,19,28,32,32,32,percent,10,10,13,16,20,22,21,g / kg,49,11,9,5,3,1,1,index*10,61,61,60,60,59,60,59,percent,22,22,20,19,19,19,20,percent,48,62,60,53,49,49,48,-0.025,-0.1,-0.225,-0.45,-0.8,-1.5,0,-0.05,-0.15,-0.3,-0.6,-1,-2,-0.2,-0.5,10/3/2017
X228,228,245,264,276,260,242,230,224,234,242,238,227,1,4,21,73,152,188,255,317,277,96,6,0,8,10,148,soil,cm,200,kg / cubic-m,1368,1315,1348,1323,1313,1327,1346,cmol / kg,5,6,5,6,6,5,5,percent,20,20,26,33,38,38,37,percent,13,13,16,19,21,22,23,g / kg,81,13,10,6,5,3,3,index*10,56,54,53,54,53,53,54,percent,23,22,22,21,20,20,20,percent,42,57,52,46,41,41,43,-0.025,-0.1,-0.225,-0.45,-0.8,-1.5,0,-0.05,-0.15,-0.3,-0.6,-1,-2,-0.2,-0.5,10/3/2017
X258.7,258,277,288,293,278,262,248,243,247,259,260,253,0,4,24,69,134,164,194,245,234,72,5,1,3.23,10.15,153,soil,cm,200,kg / cubic-m,1436,1381,1421,1453,1490,1506,1514,cmol / kg,4,5,5,5,5,5,5,percent,14,14,18,23,29,29,29,percent,10,11,12,16,23,22,23,g / kg,57,11,10,5,3,1,1,index*10,60,59,59,59,58,59,60,percent,20,20,19,19,18,18,18,percent,51,66,63,58,53,53,53,-0.025,-0.1,-0.225,-0.45,-0.8,-1.5,0,-0.05,-0.15,-0.3,-0.6,-1,-2,-0.2,-0.5,10/3/2017
X260.9,260,279,293,290,272,256,243,238,244,256,257,258,0,4,25,65,110,149,210,255,250,76,6,1,1.55,10.4833,154,soil,cm,200,kg / cubic-m,1422,1352,1417,1451,1483,1501,1507,cmol / kg,8,9,9,9,10,10,10,percent,17,16,20,26,30,31,30,percent,16,15,19,25,26,27,27,g / kg,89,15,11,6,5,3,2,index*10,63,62,61,60,61,61,61,percent,23,22,21,20,19,19,20,percent,45,62,59,55,51,51,50,-0.025,-0.1,-0.225,-0.45,-0.8,-1.5,0,-0.05,-0.15,-0.3,-0.6,-1,-2,-0.2,-0.5,10/3/2017
X265.5,265,283,301,300,283,267,250,246,253,263,264,263,0,3,18,50,102,143,206,246,224,61,5,2,1.6666665,10.7499995,155,soil,cm,200,kg / cubic-m,1439,1393,1443,1487,1469,1484,1502,cmol / kg,7,9,9,9,9,9,9,percent,17,18,21,24,30,31,29,percent,8,8,9,12,17,17,20,g / kg,65,13,10,6,4,2,2,index*10,62,61,60,61,61,61,61,percent,24,24,23,23,22,23,23,percent,44,59,56,53,48,47,47,-0.025,-0.1,-0.225,-0.45,-0.8,-1.5,0,-0.05,-0.15,-0.3,-0.6,-1,-2,-0.2,-0.5,10/3/2017
X266.3,266,289,307,312,298,276,262,257,263,277,274,262,1,2,15,42,91,125,173,245,171,48,5,3,-2.45,11.05,158,soil,cm,200,kg / cubic-m,1469,1433,1469,1497,1531,1538,1580,cmol / kg,4,6,6,6,7,7,7,percent,15,15,18,26,32,32,32,percent,6,6,9,16,18,20,21,g / kg,88,12,9,6,4,3,3,index*10,60,58,59,58,58,60,60,percent,28,27,27,26,24,24,25,percent,42,57,55,48,44,44,43,-0.025,-0.1,-0.225,-0.45,-0.8,-1.5,0,-0.05,-0.15,-0.3,-0.6,-1,-2,-0.2,-0.5,10/3/2017
X255.2,255,283,314,323,312,290,271,261,267,282,271,259,0,1,6,26,74,125,178,235,165,30,2,0,2.1666667,11.75,159,soil,cm,200,kg / cubic-m,1433,1421,1474,1535,1589,1618,1650,cmol / kg,10,11,11,12,13,13,13,percent,26,26,31,36,39,40,38,percent,19,18,20,30,31,32,33,g / kg,100,11,10,6,3,2,1,index*10,65,64,63,64,64,65,66,percent,29,28,25,25,25,25,25,percent,30,46,44,39,36,34,36,-0.025,-0.1,-0.225,-0.45,-0.8,-1.5,0,-0.05,-0.15,-0.3,-0.6,-1,-2,-0.2,-0.5,10/3/2017
